{"count":1,"self":5.3942191999999993,"total":7.5658920999999992,"children":{"InitializeActuators":{"count":10,"self":0.0025109999999999998,"total":0.0025109999999999998,"children":null},"InitializeSensors":{"count":10,"self":0.0025055,"total":0.0025055,"children":null},"AgentSendState":{"count":323,"self":0.0058629,"total":0.029075999999999998,"children":{"CollectObservations":{"count":650,"self":0.0027264,"total":0.0027264,"children":null},"WriteActionMask":{"count":650,"self":0,"total":0,"children":null},"RequestDecision":{"count":650,"self":0.0110342,"total":0.0204867,"children":{"AgentInfo.ToProto":{"count":650,"self":0.0019977,"total":0.0094524999999999991,"children":{"GenerateSensorData":{"count":650,"self":0.0074547999999999993,"total":0.0074547999999999993,"children":null}}}}}}},"DecideAction":{"count":323,"self":2.1312051999999997,"total":2.1312051999999997,"children":null},"AgentAct":{"count":323,"self":0.0063752999999999995,"total":0.0063752999999999995,"children":null}},"gauges":{},"metadata":{"timer_format_version":"0.1.0","start_time_seconds":"1775481862","unity_version":"2022.3.62f2c1","command_line_arguments":"D:\\Program Files\\Unity\\Hub\\Editor\\2022.3.62f2c1\\Editor\\Unity.exe -projectpath D:\\UnityProjects\\Github\\SwarmSimProject -useHub -hubIPC -cloudEnvironment production","communication_protocol_version":"1.5.0","com.unity.ml-agents_version":"3.0.0-exp.1","scene_name":"SampleScene","end_time_seconds":"1775481870"}}